ad_id,date,platform,campaign_name,spend,impressions,clicks,conversions
ad_1001,01-09-26,meta ads,Retargeting_Churn,99.88,10955,451,35
ad_1002,01-09-26,TikTok Ads,performance_max_q3,80,4451,269,5
ad_1003,01-09-26,meta ads,Retargeting_Churn,312.57,15849,184,13
ad_1004,01-09-26,meta ads,performance_max_q3,189.52,24356,583,56
ad_1005,02-09-26,TikTok Ads,Performance_Max_Q3,343.35,17622,1338,93
ad_1006,02-09-26,google ads,Retargeting_Churn,123.14,14570,767,32
ad_1007,02-09-26,Google Ads,performance_max_q3,99.3,9186,225,5
ad_1008,02-09-26,google ads,brand_awareness_2026,230.38,32867,2001,188
ad_1009,03-09-26,TikTok Ads,Retargeting_Churn,142.96,12248,363,13
ad_1010,03-09-26,TikTok Ads,Brand_Awareness_2026,17.66,1580,48,
ad_1011,04-09-26,Google Ads,Performance_Max_Q3,397.19,56651,3148,410
ad_1012,04-09-26,meta ads,brand_awareness_2026,56.75,6633,375,20
ad_1013,04-09-26,Meta Ads,Brand_Awareness_2026,197.63,26658,1613,85
ad_1014,04-09-26,Meta Ads,Brand_Awareness_2026,358.22,33648,811,66
ad_1015,05-09-26,meta ads,Retargeting_Churn,132.15,16592,431,
ad_1016,05-09-26,Meta Ads,Performance_Max_Q3,89,11642,632,78
ad_1017,06-09-26,Meta Ads,brand_awareness_2026,69.82,9822,285,5
ad_1018,06-09-26,TikTok Ads,Brand_Awareness_2026,159.34,16477,723,39
ad_1019,06-09-26,Meta Ads,Brand_Awareness_2026,207.88,15672,427,48
ad_1020,07-09-26,Google Ads,Brand_Awareness_2026,140.72,12820,157,16
ad_1021,07-09-26,google ads,Retargeting_Churn,249.83,18538,1057,53
ad_1022,08-09-26,TikTok Ads,performance_max_q3,491.88,64752,4266,367
ad_1023,08-09-26,TikTok Ads,Performance_Max_Q3,299.54,15473,709,73
ad_1024,08-09-26,meta ads,Brand_Awareness_2026,348.56,50078,982,34
ad_1025,08-09-26,google ads,Performance_Max_Q3,121.99,18080,834,124
ad_1026,09-09-26,meta ads,Retargeting_Churn,451.2,37857,1303,178
ad_1027,09-09-26,Google Ads,performance_max_q3,51.23,7164,375,
ad_1028,09-09-26,Google Ads,Performance_Max_Q3,487.1,39229,1725,257
ad_1029,10-09-26,meta ads,Brand_Awareness_2026,252.01,21835,1355,81
ad_1030,10-09-26,meta ads,Performance_Max_Q3,190.18,14149,1105,150
ad_1031,11-09-26,Meta Ads,brand_awareness_2026,181.54,21220,1495,126
ad_1032,11-09-26,meta ads,Performance_Max_Q3,0,1695,128,17
ad_1033,11-09-26,Meta Ads,performance_max_q3,17.57,1630,126,16
ad_1034,11-09-26,TikTok Ads,Retargeting_Churn,103.55,10202,368,47
ad_1035,12-09-26,google ads,brand_awareness_2026,134.54,11066,768,86
ad_1036,12-09-26,TikTok Ads,brand_awareness_2026,406.59,55583,4109,350
ad_1037,12-09-26,TikTok Ads,performance_max_q3,328.48,42564,3077,211
ad_1038,12-09-26,google ads,Performance_Max_Q3,238.14,18730,961,
ad_1039,13-09-26,Meta Ads,performance_max_q3,170.06,13120,1017,131
ad_1040,13-09-26,meta ads,Performance_Max_Q3,322.34,47572,2195,270
ad_1041,13-09-26,Meta Ads,performance_max_q3,374.58,25633,401,43
ad_1042,14-09-26,google ads,brand_awareness_2026,86.65,9091,545,30
ad_1043,14-09-26,TikTok Ads,Retargeting_Churn,309.74,23160,808,17
ad_1044,15-09-26,meta ads,Retargeting_Churn,56.14,8305,184,
ad_1045,15-09-26,google ads,Retargeting_Churn,242,22599,856,87
ad_1046,15-09-26,google ads,performance_max_q3,193.56,19416,1358,55
ad_1047,16-09-26,google ads,Brand_Awareness_2026,434.93,56582,3247,119
ad_1048,16-09-26,TikTok Ads,Performance_Max_Q3,412.11,54416,3025,168
ad_1049,16-09-26,meta ads,brand_awareness_2026,29.09,2433,136,14
ad_1050,16-09-26,google ads,Performance_Max_Q3,148.11,17724,957,110
ad_1051,17-09-26,TikTok Ads,Brand_Awareness_2026,278.51,29759,1497,54
ad_1052,17-09-26,Google Ads,Retargeting_Churn,126.91,15735,419,37
ad_1053,18-09-26,TikTok Ads,Performance_Max_Q3,58.99,8603,596,86
ad_1054,18-09-26,meta ads,Performance_Max_Q3,251.58,14886,776,36
ad_1055,19-09-26,Google Ads,Retargeting_Churn,466.16,69734,970,88
ad_1056,19-09-26,Meta Ads,brand_awareness_2026,484.64,64794,4579,345
ad_1057,20-09-26,Google Ads,brand_awareness_2026,447.03,45298,1192,157
ad_1058,20-09-26,meta ads,Brand_Awareness_2026,474.15,59428,2159,261
ad_1059,20-09-26,Meta Ads,brand_awareness_2026,454.11,45076,486,13
ad_1060,21-09-26,Google Ads,Brand_Awareness_2026,343.71,30941,1344,119
ad_1061,21-09-26,TikTok Ads,brand_awareness_2026,15.96,866,62,9
ad_1062,22-09-26,meta ads,Performance_Max_Q3,350.75,23367,588,87
ad_1063,22-09-26,Meta Ads,Brand_Awareness_2026,458.47,25576,962,61
ad_1064,23-09-26,meta ads,performance_max_q3,237.21,25705,396,58
ad_1065,23-09-26,Google Ads,Brand_Awareness_2026,161.67,19153,409,51
ad_1066,23-09-26,google ads,Performance_Max_Q3,365.6,33570,2527,65
ad_1067,24-09-26,Google Ads,Brand_Awareness_2026,245.38,21513,1343,171
ad_1068,24-09-26,Google Ads,Retargeting_Churn,0,1010,29,
ad_1069,24-09-26,meta ads,Brand_Awareness_2026,271.83,38414,1957,231
ad_1070,24-09-26,Meta Ads,Brand_Awareness_2026,128.13,9628,281,37
ad_1071,25-09-26,meta ads,brand_awareness_2026,254.1,33830,1067,155
ad_1072,25-09-26,Meta Ads,Brand_Awareness_2026,299.08,27531,1787,222
ad_1073,25-09-26,meta ads,brand_awareness_2026,181.79,16220,658,42
ad_1074,26-09-26,Google Ads,performance_max_q3,156,18683,1228,158
ad_1075,26-09-26,Google Ads,performance_max_q3,0,552,18,1
ad_1076,26-09-26,Meta Ads,Performance_Max_Q3,273.26,29642,1127,48
ad_1077,27-09-26,Meta Ads,Performance_Max_Q3,262.47,28922,742,48
ad_1078,27-09-26,google ads,Retargeting_Churn,25.58,2646,92,3
ad_1079,28-09-26,TikTok Ads,Performance_Max_Q3,29.26,3300,51,7
ad_1080,28-09-26,TikTok Ads,Brand_Awareness_2026,145.67,18183,416,28
ad_1081,28-09-26,google ads,performance_max_q3,190.77,23798,299,33
ad_1082,29-09-26,Meta Ads,performance_max_q3,62.51,6454,174,12
ad_1083,29-09-26,google ads,Brand_Awareness_2026,421.95,43685,1150,93
ad_1084,29-09-26,google ads,Performance_Max_Q3,327.92,35553,2189,210
ad_1085,29-09-26,meta ads,Performance_Max_Q3,195.6,27377,1438,121
ad_1086,30-09-26,TikTok Ads,Brand_Awareness_2026,126.24,8241,224,9
ad_1087,30-09-26,Google Ads,Performance_Max_Q3,267.01,39580,706,103
ad_1088,30-09-26,meta ads,Brand_Awareness_2026,250.47,33083,1994,163
